An,Luna,Scop,Numar,Data,Luna_Sin,Luna_Cos,Trimestru,Sezon,Este_Sarbatoare
2018,1,"Activitati religioase, umanitare si de voluntariat",13,2018-01-01,0.49999999999999994,0.8660254037844387,1,1,1
2018,1,Alte cazuri,28,2018-01-01,0.49999999999999994,0.8660254037844387,1,1,1
2018,1,Imigrare la munca,106,2018-01-01,0.49999999999999994,0.8660254037844387,1,1,1
2018,1,Investitii straine,3,2018-01-01,0.49999999999999994,0.8660254037844387,1,1,1
2018,1,La studii,43,2018-01-01,0.49999999999999994,0.8660254037844387,1,1,1
2018,1,Proiecte,1,2018-01-01,0.49999999999999994,0.8660254037844387,1,1,1
2018,1,Reintregirea familiei,141,2018-01-01,0.49999999999999994,0.8660254037844387,1,1,1
2018,2,"Activitati religioase, umanitare si de voluntariat",50,2018-02-01,0.8660254037844386,0.5000000000000001,1,1,0
2018,2,Alte cazuri,95,2018-02-01,0.8660254037844386,0.5000000000000001,1,1,0
2018,2,Imigrare la munca,224,2018-02-01,0.8660254037844386,0.5000000000000001,1,1,0
2018,2,Investitii straine,25,2018-02-01,0.8660254037844386,0.5000000000000001,1,1,0
2018,2,La studii,218,2018-02-01,0.8660254037844386,0.5000000000000001,1,1,0
2018,2,Proiecte,16,2018-02-01,0.8660254037844386,0.5000000000000001,1,1,0
2018,2,Reintregirea familiei,424,2018-02-01,0.8660254037844386,0.5000000000000001,1,1,0
2018,2,Strain din stat membru UE,2,2018-02-01,0.8660254037844386,0.5000000000000001,1,1,0
2018,3,"Activitati religioase, umanitare si de voluntariat",44,2018-03-01,1.0,6.123233995736766e-17,1,2,0
2018,3,Alte cazuri,66,2018-03-01,1.0,6.123233995736766e-17,1,2,0
2018,3,Imigrare la munca,200,2018-03-01,1.0,6.123233995736766e-17,1,2,0
2018,3,Investitii straine,24,2018-03-01,1.0,6.123233995736766e-17,1,2,0
2018,3,La studii,168,2018-03-01,1.0,6.123233995736766e-17,1,2,0
2018,3,Proiecte,25,2018-03-01,1.0,6.123233995736766e-17,1,2,0
2018,3,Reintregirea familiei,329,2018-03-01,1.0,6.123233995736766e-17,1,2,0
2018,3,Strain din stat membru UE,2,2018-03-01,1.0,6.123233995736766e-17,1,2,0
2018,4,"Activitati religioase, umanitare si de voluntariat",16,2018-04-01,0.8660254037844387,-0.4999999999999998,2,2,0
2018,4,Alte cazuri,21,2018-04-01,0.8660254037844387,-0.4999999999999998,2,2,0
2018,4,Imigrare la munca,40,2018-04-01,0.8660254037844387,-0.4999999999999998,2,2,0
2018,4,Investitii straine,12,2018-04-01,0.8660254037844387,-0.4999999999999998,2,2,0
2018,4,La studii,20,2018-04-01,0.8660254037844387,-0.4999999999999998,2,2,0
2018,4,Proiecte,12,2018-04-01,0.8660254037844387,-0.4999999999999998,2,2,0
2018,4,Reintregirea familiei,99,2018-04-01,0.8660254037844387,-0.4999999999999998,2,2,0
2018,4,Strain din stat membru UE,3,2018-04-01,0.8660254037844387,-0.4999999999999998,2,2,0
2018,5,"Activitati religioase, umanitare si de voluntariat",9,2018-05-01,0.49999999999999994,-0.8660254037844387,2,2,0
2018,5,Alte cazuri,17,2018-05-01,0.49999999999999994,-0.8660254037844387,2,2,0
2018,5,Imigrare la munca,47,2018-05-01,0.49999999999999994,-0.8660254037844387,2,2,0
2018,5,Investitii straine,23,2018-05-01,0.49999999999999994,-0.8660254037844387,2,2,0
2018,5,La studii,9,2018-05-01,0.49999999999999994,-0.8660254037844387,2,2,0
2018,5,Proiecte,8,2018-05-01,0.49999999999999994,-0.8660254037844387,2,2,0
2018,5,Reintregirea familiei,145,2018-05-01,0.49999999999999994,-0.8660254037844387,2,2,0
2018,5,Strain din stat membru UE,1,2018-05-01,0.49999999999999994,-0.8660254037844387,2,2,0
2018,6,"Activitati religioase, umanitare si de voluntariat",14,2018-06-01,1.2246467991473532e-16,-1.0,2,3,0
2018,6,Alte cazuri,44,2018-06-01,1.2246467991473532e-16,-1.0,2,3,0
2018,6,Imigrare la munca,57,2018-06-01,1.2246467991473532e-16,-1.0,2,3,0
2018,6,Investitii straine,12,2018-06-01,1.2246467991473532e-16,-1.0,2,3,0
2018,6,La studii,8,2018-06-01,1.2246467991473532e-16,-1.0,2,3,0
2018,6,Proiecte,5,2018-06-01,1.2246467991473532e-16,-1.0,2,3,0
2018,6,Reintregirea familiei,111,2018-06-01,1.2246467991473532e-16,-1.0,2,3,0
2018,7,"Activitati religioase, umanitare si de voluntariat",9,2018-07-01,-0.4999999999999997,-0.8660254037844388,3,3,0
2018,7,Alte cazuri,65,2018-07-01,-0.4999999999999997,-0.8660254037844388,3,3,0
2018,7,Imigrare la munca,92,2018-07-01,-0.4999999999999997,-0.8660254037844388,3,3,0
2018,7,Investitii straine,18,2018-07-01,-0.4999999999999997,-0.8660254037844388,3,3,0
2018,7,La studii,1,2018-07-01,-0.4999999999999997,-0.8660254037844388,3,3,0
2018,7,Proiecte,20,2018-07-01,-0.4999999999999997,-0.8660254037844388,3,3,0
2018,7,Reintregirea familiei,136,2018-07-01,-0.4999999999999997,-0.8660254037844388,3,3,0
2018,8,"Activitati religioase, umanitare si de voluntariat",8,2018-08-01,-0.8660254037844385,-0.5000000000000004,3,3,0
2018,8,Alte cazuri,28,2018-08-01,-0.8660254037844385,-0.5000000000000004,3,3,0
2018,8,Imigrare la munca,66,2018-08-01,-0.8660254037844385,-0.5000000000000004,3,3,0
2018,8,Investitii straine,12,2018-08-01,-0.8660254037844385,-0.5000000000000004,3,3,0
2018,8,La studii,1,2018-08-01,-0.8660254037844385,-0.5000000000000004,3,3,0
2018,8,Proiecte,32,2018-08-01,-0.8660254037844385,-0.5000000000000004,3,3,0
2018,8,Reintregirea familiei,121,2018-08-01,-0.8660254037844385,-0.5000000000000004,3,3,0
2018,9,"Activitati religioase, umanitare si de voluntariat",19,2018-09-01,-1.0,-1.8369701987210297e-16,3,4,0
2018,9,Alte cazuri,13,2018-09-01,-1.0,-1.8369701987210297e-16,3,4,0
2018,9,Imigrare la munca,49,2018-09-01,-1.0,-1.8369701987210297e-16,3,4,0
2018,9,Investitii straine,11,2018-09-01,-1.0,-1.8369701987210297e-16,3,4,0
2018,9,La studii,1,2018-09-01,-1.0,-1.8369701987210297e-16,3,4,0
2018,9,Proiecte,32,2018-09-01,-1.0,-1.8369701987210297e-16,3,4,0
2018,9,Reintregirea familiei,116,2018-09-01,-1.0,-1.8369701987210297e-16,3,4,0
2018,9,Strain din stat membru UE,1,2018-09-01,-1.0,-1.8369701987210297e-16,3,4,0
2018,10,"Activitati religioase, umanitare si de voluntariat",58,2018-10-01,-0.8660254037844386,0.5000000000000001,4,4,0
2018,10,Alte cazuri,30,2018-10-01,-0.8660254037844386,0.5000000000000001,4,4,0
2018,10,Imigrare la munca,87,2018-10-01,-0.8660254037844386,0.5000000000000001,4,4,0
2018,10,Investitii straine,17,2018-10-01,-0.8660254037844386,0.5000000000000001,4,4,0
2018,10,La studii,33,2018-10-01,-0.8660254037844386,0.5000000000000001,4,4,0
2018,10,Proiecte,14,2018-10-01,-0.8660254037844386,0.5000000000000001,4,4,0
2018,10,Reintregirea familiei,169,2018-10-01,-0.8660254037844386,0.5000000000000001,4,4,0
2018,10,Strain din stat membru UE,1,2018-10-01,-0.8660254037844386,0.5000000000000001,4,4,0
2018,11,"Activitati religioase, umanitare si de voluntariat",39,2018-11-01,-0.5000000000000004,0.8660254037844384,4,4,0
2018,11,Alte cazuri,16,2018-11-01,-0.5000000000000004,0.8660254037844384,4,4,0
2018,11,Imigrare la munca,157,2018-11-01,-0.5000000000000004,0.8660254037844384,4,4,0
2018,11,Investitii straine,13,2018-11-01,-0.5000000000000004,0.8660254037844384,4,4,0
2018,11,La studii,281,2018-11-01,-0.5000000000000004,0.8660254037844384,4,4,0
2018,11,Proiecte,33,2018-11-01,-0.5000000000000004,0.8660254037844384,4,4,0
2018,11,Reintregirea familiei,113,2018-11-01,-0.5000000000000004,0.8660254037844384,4,4,0
2018,12,"Activitati religioase, umanitare si de voluntariat",23,2018-12-01,-2.4492935982947064e-16,1.0,4,1,1
2018,12,Alte cazuri,31,2018-12-01,-2.4492935982947064e-16,1.0,4,1,1
2018,12,Imigrare la munca,83,2018-12-01,-2.4492935982947064e-16,1.0,4,1,1
2018,12,Investitii straine,6,2018-12-01,-2.4492935982947064e-16,1.0,4,1,1
2018,12,La studii,269,2018-12-01,-2.4492935982947064e-16,1.0,4,1,1
2018,12,Proiecte,18,2018-12-01,-2.4492935982947064e-16,1.0,4,1,1
2018,12,Reintregirea familiei,195,2018-12-01,-2.4492935982947064e-16,1.0,4,1,1
2018,12,Strain din stat membru UE,3,2018-12-01,-2.4492935982947064e-16,1.0,4,1,1
2019,1,"Activitati religioase, umanitare si de voluntariat",5,2019-01-01,0.49999999999999994,0.8660254037844387,1,1,1
2019,1,Alte cazuri,23,2019-01-01,0.49999999999999994,0.8660254037844387,1,1,1
2019,1,Imigrare la munca,40,2019-01-01,0.49999999999999994,0.8660254037844387,1,1,1
2019,1,Investitii straine,7,2019-01-01,0.49999999999999994,0.8660254037844387,1,1,1
2019,1,La studii,61,2019-01-01,0.49999999999999994,0.8660254037844387,1,1,1
2019,1,Proiecte,9,2019-01-01,0.49999999999999994,0.8660254037844387,1,1,1
2019,1,Reintregirea familiei,100,2019-01-01,0.49999999999999994,0.8660254037844387,1,1,1
2019,2,"Activitati religioase, umanitare si de voluntariat",20,2019-02-01,0.8660254037844386,0.5000000000000001,1,1,0
2019,2,Alte cazuri,16,2019-02-01,0.8660254037844386,0.5000000000000001,1,1,0
2019,2,Imigrare la munca,71,2019-02-01,0.8660254037844386,0.5000000000000001,1,1,0
2019,2,Investitii straine,9,2019-02-01,0.8660254037844386,0.5000000000000001,1,1,0
2019,2,La studii,75,2019-02-01,0.8660254037844386,0.5000000000000001,1,1,0
2019,2,Proiecte,10,2019-02-01,0.8660254037844386,0.5000000000000001,1,1,0
2019,2,Reintregirea familiei,128,2019-02-01,0.8660254037844386,0.5000000000000001,1,1,0
2019,3,"Activitati religioase, umanitare si de voluntariat",26,2019-03-01,1.0,6.123233995736766e-17,1,2,0
2019,3,Alte cazuri,24,2019-03-01,1.0,6.123233995736766e-17,1,2,0
2019,3,Imigrare la munca,138,2019-03-01,1.0,6.123233995736766e-17,1,2,0
2019,3,Investitii straine,7,2019-03-01,1.0,6.123233995736766e-17,1,2,0
2019,3,La studii,59,2019-03-01,1.0,6.123233995736766e-17,1,2,0
2019,3,Proiecte,5,2019-03-01,1.0,6.123233995736766e-17,1,2,0
2019,3,Reintregirea familiei,149,2019-03-01,1.0,6.123233995736766e-17,1,2,0
2019,5,"Activitati religioase, umanitare si de voluntariat",20,2019-05-01,0.49999999999999994,-0.8660254037844387,2,2,0
2019,5,Alte cazuri,37,2019-05-01,0.49999999999999994,-0.8660254037844387,2,2,0
2019,5,Imigrare la munca,333,2019-05-01,0.49999999999999994,-0.8660254037844387,2,2,0
2019,5,Investitii straine,10,2019-05-01,0.49999999999999994,-0.8660254037844387,2,2,0
2019,5,La studii,61,2019-05-01,0.49999999999999994,-0.8660254037844387,2,2,0
2019,5,Proiecte,15,2019-05-01,0.49999999999999994,-0.8660254037844387,2,2,0
2019,5,Reintregirea familiei,210,2019-05-01,0.49999999999999994,-0.8660254037844387,2,2,0
2019,6,"Activitati religioase, umanitare si de voluntariat",20,2019-06-01,1.2246467991473532e-16,-1.0,2,3,0
2019,6,Alte cazuri,12,2019-06-01,1.2246467991473532e-16,-1.0,2,3,0
2019,6,Imigrare la munca,215,2019-06-01,1.2246467991473532e-16,-1.0,2,3,0
2019,6,Investitii straine,10,2019-06-01,1.2246467991473532e-16,-1.0,2,3,0
2019,6,La studii,1,2019-06-01,1.2246467991473532e-16,-1.0,2,3,0
2019,6,Proiecte,8,2019-06-01,1.2246467991473532e-16,-1.0,2,3,0
2019,6,Reintregirea familiei,135,2019-06-01,1.2246467991473532e-16,-1.0,2,3,0
2019,7,"Activitati religioase, umanitare si de voluntariat",57,2019-07-01,-0.4999999999999997,-0.8660254037844388,3,3,0
2019,7,Alte cazuri,16,2019-07-01,-0.4999999999999997,-0.8660254037844388,3,3,0
2019,7,Imigrare la munca,192,2019-07-01,-0.4999999999999997,-0.8660254037844388,3,3,0
2019,7,Investitii straine,6,2019-07-01,-0.4999999999999997,-0.8660254037844388,3,3,0
2019,7,La studii,7,2019-07-01,-0.4999999999999997,-0.8660254037844388,3,3,0
2019,7,Proiecte,3,2019-07-01,-0.4999999999999997,-0.8660254037844388,3,3,0
2019,7,Reintregirea familiei,131,2019-07-01,-0.4999999999999997,-0.8660254037844388,3,3,0
2019,9,"Activitati religioase, umanitare si de voluntariat",37,2019-09-01,-1.0,-1.8369701987210297e-16,3,4,0
2019,9,Alte cazuri,44,2019-09-01,-1.0,-1.8369701987210297e-16,3,4,0
2019,9,Imigrare la munca,311,2019-09-01,-1.0,-1.8369701987210297e-16,3,4,0
2019,9,Investitii straine,16,2019-09-01,-1.0,-1.8369701987210297e-16,3,4,0
2019,9,La studii,36,2019-09-01,-1.0,-1.8369701987210297e-16,3,4,0
2019,9,Reintregirea familiei,289,2019-09-01,-1.0,-1.8369701987210297e-16,3,4,0
2019,10,"Activitati religioase, umanitare si de voluntariat",62,2019-10-01,-0.8660254037844386,0.5000000000000001,4,4,0
2019,10,Alte cazuri,24,2019-10-01,-0.8660254037844386,0.5000000000000001,4,4,0
2019,10,Imigrare la munca,212,2019-10-01,-0.8660254037844386,0.5000000000000001,4,4,0
2019,10,Investitii straine,8,2019-10-01,-0.8660254037844386,0.5000000000000001,4,4,0
2019,10,La studii,85,2019-10-01,-0.8660254037844386,0.5000000000000001,4,4,0
2019,10,Reintregirea familiei,171,2019-10-01,-0.8660254037844386,0.5000000000000001,4,4,0
2019,11,"Activitati religioase, umanitare si de voluntariat",27,2019-11-01,-0.5000000000000004,0.8660254037844384,4,4,0
2019,11,Alte cazuri,16,2019-11-01,-0.5000000000000004,0.8660254037844384,4,4,0
2019,11,Imigrare la munca,159,2019-11-01,-0.5000000000000004,0.8660254037844384,4,4,0
2019,11,Investitii straine,8,2019-11-01,-0.5000000000000004,0.8660254037844384,4,4,0
2019,11,La studii,88,2019-11-01,-0.5000000000000004,0.8660254037844384,4,4,0
2019,11,Reintregirea familiei,146,2019-11-01,-0.5000000000000004,0.8660254037844384,4,4,0
2019,11,Strain din stat membru UE,2,2019-11-01,-0.5000000000000004,0.8660254037844384,4,4,0
2019,12,"Activitati religioase, umanitare si de voluntariat",35,2019-12-01,-2.4492935982947064e-16,1.0,4,1,1
2019,12,Alte cazuri,34,2019-12-01,-2.4492935982947064e-16,1.0,4,1,1
2019,12,Imigrare la munca,199,2019-12-01,-2.4492935982947064e-16,1.0,4,1,1
2019,12,Investitii straine,12,2019-12-01,-2.4492935982947064e-16,1.0,4,1,1
2019,12,La studii,174,2019-12-01,-2.4492935982947064e-16,1.0,4,1,1
2019,12,Reintregirea familiei,163,2019-12-01,-2.4492935982947064e-16,1.0,4,1,1
2020,1,"Activitati religioase, umanitare si de voluntariat",11,2020-01-01,0.49999999999999994,0.8660254037844387,1,1,1
2020,1,Alte cazuri,9,2020-01-01,0.49999999999999994,0.8660254037844387,1,1,1
2020,1,Imigrare la munca,82,2020-01-01,0.49999999999999994,0.8660254037844387,1,1,1
2020,1,Investitii straine,8,2020-01-01,0.49999999999999994,0.8660254037844387,1,1,1
2020,1,La studii,16,2020-01-01,0.49999999999999994,0.8660254037844387,1,1,1
2020,1,Reintregirea familiei,114,2020-01-01,0.49999999999999994,0.8660254037844387,1,1,1
2020,1,Strain din stat membru UE,1,2020-01-01,0.49999999999999994,0.8660254037844387,1,1,1
2020,2,"Activitati religioase, umanitare si de voluntariat",4,2020-02-01,0.8660254037844386,0.5000000000000001,1,1,0
2020,2,Alte cazuri,18,2020-02-01,0.8660254037844386,0.5000000000000001,1,1,0
2020,2,Imigrare la munca,143,2020-02-01,0.8660254037844386,0.5000000000000001,1,1,0
2020,2,Investitii straine,4,2020-02-01,0.8660254037844386,0.5000000000000001,1,1,0
2020,2,La studii,34,2020-02-01,0.8660254037844386,0.5000000000000001,1,1,0
2020,2,Reintregirea familiei,115,2020-02-01,0.8660254037844386,0.5000000000000001,1,1,0
2020,3,"Activitati religioase, umanitare si de voluntariat",16,2020-03-01,1.0,6.123233995736766e-17,1,2,0
2020,3,Alte cazuri,25,2020-03-01,1.0,6.123233995736766e-17,1,2,0
2020,3,Imigrare la munca,112,2020-03-01,1.0,6.123233995736766e-17,1,2,0
2020,3,Investitii straine,3,2020-03-01,1.0,6.123233995736766e-17,1,2,0
2020,3,La studii,25,2020-03-01,1.0,6.123233995736766e-17,1,2,0
2020,3,Reintregirea familiei,108,2020-03-01,1.0,6.123233995736766e-17,1,2,0
2020,3,Strain din stat membru UE,1,2020-03-01,1.0,6.123233995736766e-17,1,2,0
2020,4,"Activitati religioase, umanitare si de voluntariat",2,2020-04-01,0.8660254037844387,-0.4999999999999998,2,2,0
2020,4,Alte cazuri,8,2020-04-01,0.8660254037844387,-0.4999999999999998,2,2,0
2020,4,Imigrare la munca,15,2020-04-01,0.8660254037844387,-0.4999999999999998,2,2,0
2020,4,La studii,13,2020-04-01,0.8660254037844387,-0.4999999999999998,2,2,0
2020,4,Reintregirea familiei,36,2020-04-01,0.8660254037844387,-0.4999999999999998,2,2,0
2020,5,Alte cazuri,1,2020-05-01,0.49999999999999994,-0.8660254037844387,2,2,0
2020,5,Imigrare la munca,58,2020-05-01,0.49999999999999994,-0.8660254037844387,2,2,0
2020,5,Investitii straine,3,2020-05-01,0.49999999999999994,-0.8660254037844387,2,2,0
2020,5,La studii,10,2020-05-01,0.49999999999999994,-0.8660254037844387,2,2,0
2020,5,Reintregirea familiei,23,2020-05-01,0.49999999999999994,-0.8660254037844387,2,2,0
2020,6,"Activitati religioase, umanitare si de voluntariat",2,2020-06-01,1.2246467991473532e-16,-1.0,2,3,0
2020,6,Alte cazuri,1,2020-06-01,1.2246467991473532e-16,-1.0,2,3,0
2020,6,Imigrare la munca,110,2020-06-01,1.2246467991473532e-16,-1.0,2,3,0
2020,6,Investitii straine,8,2020-06-01,1.2246467991473532e-16,-1.0,2,3,0
2020,6,La studii,12,2020-06-01,1.2246467991473532e-16,-1.0,2,3,0
2020,6,Reintregirea familiei,41,2020-06-01,1.2246467991473532e-16,-1.0,2,3,0
2020,7,"Activitati religioase, umanitare si de voluntariat",3,2020-07-01,-0.4999999999999997,-0.8660254037844388,3,3,0
2020,7,Alte cazuri,3,2020-07-01,-0.4999999999999997,-0.8660254037844388,3,3,0
2020,7,Imigrare la munca,106,2020-07-01,-0.4999999999999997,-0.8660254037844388,3,3,0
2020,7,Investitii straine,6,2020-07-01,-0.4999999999999997,-0.8660254037844388,3,3,0
2020,7,La studii,6,2020-07-01,-0.4999999999999997,-0.8660254037844388,3,3,0
2020,7,Reintregirea familiei,66,2020-07-01,-0.4999999999999997,-0.8660254037844388,3,3,0
2020,7,Strain din stat membru UE,1,2020-07-01,-0.4999999999999997,-0.8660254037844388,3,3,0
2020,8,"Activitati religioase, umanitare si de voluntariat",5,2020-08-01,-0.8660254037844385,-0.5000000000000004,3,3,0
2020,8,Alte cazuri,2,2020-08-01,-0.8660254037844385,-0.5000000000000004,3,3,0
2020,8,Imigrare la munca,115,2020-08-01,-0.8660254037844385,-0.5000000000000004,3,3,0
2020,8,Investitii straine,5,2020-08-01,-0.8660254037844385,-0.5000000000000004,3,3,0
2020,8,La studii,1,2020-08-01,-0.8660254037844385,-0.5000000000000004,3,3,0
2020,8,Reintregirea familiei,46,2020-08-01,-0.8660254037844385,-0.5000000000000004,3,3,0
2020,9,"Activitati religioase, umanitare si de voluntariat",4,2020-09-01,-1.0,-1.8369701987210297e-16,3,4,0
2020,9,Alte cazuri,11,2020-09-01,-1.0,-1.8369701987210297e-16,3,4,0
2020,9,Imigrare la munca,120,2020-09-01,-1.0,-1.8369701987210297e-16,3,4,0
2020,9,Investitii straine,6,2020-09-01,-1.0,-1.8369701987210297e-16,3,4,0
2020,9,La studii,1,2020-09-01,-1.0,-1.8369701987210297e-16,3,4,0
2020,9,Reintregirea familiei,116,2020-09-01,-1.0,-1.8369701987210297e-16,3,4,0
2020,9,Strain din stat membru UE,1,2020-09-01,-1.0,-1.8369701987210297e-16,3,4,0
2020,10,"Activitati religioase, umanitare si de voluntariat",11,2020-10-01,-0.8660254037844386,0.5000000000000001,4,4,0
2020,10,Alte cazuri,11,2020-10-01,-0.8660254037844386,0.5000000000000001,4,4,0
2020,10,Imigrare la munca,148,2020-10-01,-0.8660254037844386,0.5000000000000001,4,4,0
2020,10,Investitii straine,2,2020-10-01,-0.8660254037844386,0.5000000000000001,4,4,0
2020,10,La studii,17,2020-10-01,-0.8660254037844386,0.5000000000000001,4,4,0
2020,10,Reintregirea familiei,98,2020-10-01,-0.8660254037844386,0.5000000000000001,4,4,0
2020,11,"Activitati religioase, umanitare si de voluntariat",31,2020-11-01,-0.5000000000000004,0.8660254037844384,4,4,0
2020,11,Alte cazuri,11,2020-11-01,-0.5000000000000004,0.8660254037844384,4,4,0
2020,11,Imigrare la munca,143,2020-11-01,-0.5000000000000004,0.8660254037844384,4,4,0
2020,11,Investitii straine,13,2020-11-01,-0.5000000000000004,0.8660254037844384,4,4,0
2020,11,La studii,44,2020-11-01,-0.5000000000000004,0.8660254037844384,4,4,0
2020,11,Reintregirea familiei,148,2020-11-01,-0.5000000000000004,0.8660254037844384,4,4,0
2020,12,"Activitati religioase, umanitare si de voluntariat",17,2020-12-01,-2.4492935982947064e-16,1.0,4,1,1
2020,12,Alte cazuri,9,2020-12-01,-2.4492935982947064e-16,1.0,4,1,1
2020,12,Imigrare la munca,151,2020-12-01,-2.4492935982947064e-16,1.0,4,1,1
2020,12,Investitii straine,3,2020-12-01,-2.4492935982947064e-16,1.0,4,1,1
2020,12,La studii,62,2020-12-01,-2.4492935982947064e-16,1.0,4,1,1
2020,12,Reintregirea familiei,134,2020-12-01,-2.4492935982947064e-16,1.0,4,1,1
2020,12,Strain din stat membru UE,1,2020-12-01,-2.4492935982947064e-16,1.0,4,1,1
2021,1,"Activitati religioase, umanitare si de voluntariat",4,2021-01-01,0.49999999999999994,0.8660254037844387,1,1,1
2021,1,Alte cazuri,3,2021-01-01,0.49999999999999994,0.8660254037844387,1,1,1
2021,1,Imigrare la munca,63,2021-01-01,0.49999999999999994,0.8660254037844387,1,1,1
2021,1,Investitii straine,6,2021-01-01,0.49999999999999994,0.8660254037844387,1,1,1
2021,1,La studii,9,2021-01-01,0.49999999999999994,0.8660254037844387,1,1,1
2021,1,Reintregirea familiei,101,2021-01-01,0.49999999999999994,0.8660254037844387,1,1,1
2021,2,"Activitati religioase, umanitare si de voluntariat",6,2021-02-01,0.8660254037844386,0.5000000000000001,1,1,0
2021,2,Alte cazuri,4,2021-02-01,0.8660254037844386,0.5000000000000001,1,1,0
2021,2,Imigrare la munca,102,2021-02-01,0.8660254037844386,0.5000000000000001,1,1,0
2021,2,Investitii straine,5,2021-02-01,0.8660254037844386,0.5000000000000001,1,1,0
2021,2,La studii,17,2021-02-01,0.8660254037844386,0.5000000000000001,1,1,0
2021,2,Reintregirea familiei,84,2021-02-01,0.8660254037844386,0.5000000000000001,1,1,0
2021,3,"Activitati religioase, umanitare si de voluntariat",7,2021-03-01,1.0,6.123233995736766e-17,1,2,0
2021,3,Alte cazuri,9,2021-03-01,1.0,6.123233995736766e-17,1,2,0
2021,3,Imigrare la munca,140,2021-03-01,1.0,6.123233995736766e-17,1,2,0
2021,3,Investitii straine,3,2021-03-01,1.0,6.123233995736766e-17,1,2,0
2021,3,La studii,128,2021-03-01,1.0,6.123233995736766e-17,1,2,0
2021,3,Reintregirea familiei,105,2021-03-01,1.0,6.123233995736766e-17,1,2,0
2021,3,Strain din stat membru UE,1,2021-03-01,1.0,6.123233995736766e-17,1,2,0
2021,4,"Activitati religioase, umanitare si de voluntariat",13,2021-04-01,0.8660254037844387,-0.4999999999999998,2,2,0
2021,4,Alte cazuri,13,2021-04-01,0.8660254037844387,-0.4999999999999998,2,2,0
2021,4,Imigrare la munca,105,2021-04-01,0.8660254037844387,-0.4999999999999998,2,2,0
2021,4,Investitii straine,7,2021-04-01,0.8660254037844387,-0.4999999999999998,2,2,0
2021,4,La studii,12,2021-04-01,0.8660254037844387,-0.4999999999999998,2,2,0
2021,4,Reintregirea familiei,104,2021-04-01,0.8660254037844387,-0.4999999999999998,2,2,0
2021,4,Strain din stat membru UE,2,2021-04-01,0.8660254037844387,-0.4999999999999998,2,2,0
2021,5,"Activitati religioase, umanitare si de voluntariat",6,2021-05-01,0.49999999999999994,-0.8660254037844387,2,2,0
2021,5,Alte cazuri,7,2021-05-01,0.49999999999999994,-0.8660254037844387,2,2,0
2021,5,Imigrare la munca,178,2021-05-01,0.49999999999999994,-0.8660254037844387,2,2,0
2021,5,Investitii straine,5,2021-05-01,0.49999999999999994,-0.8660254037844387,2,2,0
2021,5,La studii,9,2021-05-01,0.49999999999999994,-0.8660254037844387,2,2,0
2021,5,Reintregirea familiei,90,2021-05-01,0.49999999999999994,-0.8660254037844387,2,2,0
2021,6,"Activitati religioase, umanitare si de voluntariat",5,2021-06-01,1.2246467991473532e-16,-1.0,2,3,0
2021,6,Alte cazuri,8,2021-06-01,1.2246467991473532e-16,-1.0,2,3,0
2021,6,Imigrare la munca,147,2021-06-01,1.2246467991473532e-16,-1.0,2,3,0
2021,6,Investitii straine,3,2021-06-01,1.2246467991473532e-16,-1.0,2,3,0
2021,6,La studii,96,2021-06-01,1.2246467991473532e-16,-1.0,2,3,0
2021,6,Reintregirea familiei,111,2021-06-01,1.2246467991473532e-16,-1.0,2,3,0
2021,7,"Activitati religioase, umanitare si de voluntariat",29,2021-07-01,-0.4999999999999997,-0.8660254037844388,3,3,0
2021,7,Alte cazuri,9,2021-07-01,-0.4999999999999997,-0.8660254037844388,3,3,0
2021,7,Imigrare la munca,131,2021-07-01,-0.4999999999999997,-0.8660254037844388,3,3,0
2021,7,Investitii straine,6,2021-07-01,-0.4999999999999997,-0.8660254037844388,3,3,0
2021,7,La studii,15,2021-07-01,-0.4999999999999997,-0.8660254037844388,3,3,0
2021,7,Reintregirea familiei,127,2021-07-01,-0.4999999999999997,-0.8660254037844388,3,3,0
2021,7,Strain din stat membru UE,1,2021-07-01,-0.4999999999999997,-0.8660254037844388,3,3,0
2021,8,"Activitati religioase, umanitare si de voluntariat",4,2021-08-01,-0.8660254037844385,-0.5000000000000004,3,3,0
2021,8,Alte cazuri,17,2021-08-01,-0.8660254037844385,-0.5000000000000004,3,3,0
2021,8,Imigrare la munca,122,2021-08-01,-0.8660254037844385,-0.5000000000000004,3,3,0
2021,8,Investitii straine,6,2021-08-01,-0.8660254037844385,-0.5000000000000004,3,3,0
2021,8,La studii,3,2021-08-01,-0.8660254037844385,-0.5000000000000004,3,3,0
2021,8,Reintregirea familiei,133,2021-08-01,-0.8660254037844385,-0.5000000000000004,3,3,0
2021,9,"Activitati religioase, umanitare si de voluntariat",10,2021-09-01,-1.0,-1.8369701987210297e-16,3,4,0
2021,9,Alte cazuri,17,2021-09-01,-1.0,-1.8369701987210297e-16,3,4,0
2021,9,Imigrare la munca,159,2021-09-01,-1.0,-1.8369701987210297e-16,3,4,0
2021,9,Investitii straine,5,2021-09-01,-1.0,-1.8369701987210297e-16,3,4,0
2021,9,La studii,4,2021-09-01,-1.0,-1.8369701987210297e-16,3,4,0
2021,9,Reintregirea familiei,131,2021-09-01,-1.0,-1.8369701987210297e-16,3,4,0
2021,9,Strain din stat membru UE,2,2021-09-01,-1.0,-1.8369701987210297e-16,3,4,0
2021,10,"Activitati religioase, umanitare si de voluntariat",41,2021-10-01,-0.8660254037844386,0.5000000000000001,4,4,0
2021,10,Alte cazuri,30,2021-10-01,-0.8660254037844386,0.5000000000000001,4,4,0
2021,10,Imigrare la munca,175,2021-10-01,-0.8660254037844386,0.5000000000000001,4,4,0
2021,10,Investitii straine,3,2021-10-01,-0.8660254037844386,0.5000000000000001,4,4,0
2021,10,La studii,76,2021-10-01,-0.8660254037844386,0.5000000000000001,4,4,0
2021,10,Reintregirea familiei,175,2021-10-01,-0.8660254037844386,0.5000000000000001,4,4,0
2021,10,Strain din stat membru UE,1,2021-10-01,-0.8660254037844386,0.5000000000000001,4,4,0
2021,11,"Activitati religioase, umanitare si de voluntariat",22,2021-11-01,-0.5000000000000004,0.8660254037844384,4,4,0
2021,11,Alte cazuri,21,2021-11-01,-0.5000000000000004,0.8660254037844384,4,4,0
2021,11,Imigrare la munca,217,2021-11-01,-0.5000000000000004,0.8660254037844384,4,4,0
2021,11,Investitii straine,4,2021-11-01,-0.5000000000000004,0.8660254037844384,4,4,0
2021,11,La studii,64,2021-11-01,-0.5000000000000004,0.8660254037844384,4,4,0
2021,11,Reintregirea familiei,171,2021-11-01,-0.5000000000000004,0.8660254037844384,4,4,0
2021,11,Strain din stat membru UE,1,2021-11-01,-0.5000000000000004,0.8660254037844384,4,4,0
2021,12,"Activitati religioase, umanitare si de voluntariat",20,2021-12-01,-2.4492935982947064e-16,1.0,4,1,1
2021,12,Alte cazuri,39,2021-12-01,-2.4492935982947064e-16,1.0,4,1,1
2021,12,Imigrare la munca,225,2021-12-01,-2.4492935982947064e-16,1.0,4,1,1
2021,12,Investitii straine,9,2021-12-01,-2.4492935982947064e-16,1.0,4,1,1
2021,12,La studii,77,2021-12-01,-2.4492935982947064e-16,1.0,4,1,1
2021,12,Reintregirea familiei,164,2021-12-01,-2.4492935982947064e-16,1.0,4,1,1
2022,1,"Activitati religioase, umanitare si de voluntariat",33,2022-01-01,0.49999999999999994,0.8660254037844387,1,1,1
2022,1,Alte cazuri,30,2022-01-01,0.49999999999999994,0.8660254037844387,1,1,1
2022,1,Imigrare la munca,134,2022-01-01,0.49999999999999994,0.8660254037844387,1,1,1
2022,1,Investitii straine,9,2022-01-01,0.49999999999999994,0.8660254037844387,1,1,1
2022,1,La studii,34,2022-01-01,0.49999999999999994,0.8660254037844387,1,1,1
2022,1,Reintregirea familiei,130,2022-01-01,0.49999999999999994,0.8660254037844387,1,1,1
2022,1,Strain din stat membru UE,1,2022-01-01,0.49999999999999994,0.8660254037844387,1,1,1
2022,2,"Activitati religioase, umanitare si de voluntariat",20,2022-02-01,0.8660254037844386,0.5000000000000001,1,1,0
2022,2,Alte cazuri,17,2022-02-01,0.8660254037844386,0.5000000000000001,1,1,0
2022,2,Imigrare la munca,130,2022-02-01,0.8660254037844386,0.5000000000000001,1,1,0
2022,2,Investitii straine,11,2022-02-01,0.8660254037844386,0.5000000000000001,1,1,0
2022,2,La studii,41,2022-02-01,0.8660254037844386,0.5000000000000001,1,1,0
2022,2,Reintregirea familiei,109,2022-02-01,0.8660254037844386,0.5000000000000001,1,1,0
2022,2,Strain din stat membru UE,1,2022-02-01,0.8660254037844386,0.5000000000000001,1,1,0
2022,3,"Activitati religioase, umanitare si de voluntariat",20,2022-03-01,1.0,6.123233995736766e-17,1,2,0
2022,3,Alte cazuri,30,2022-03-01,1.0,6.123233995736766e-17,1,2,0
2022,3,Imigrare la munca,126,2022-03-01,1.0,6.123233995736766e-17,1,2,0
2022,3,Investitii straine,3,2022-03-01,1.0,6.123233995736766e-17,1,2,0
2022,3,La studii,55,2022-03-01,1.0,6.123233995736766e-17,1,2,0
2022,3,Reintregirea familiei,152,2022-03-01,1.0,6.123233995736766e-17,1,2,0
2022,4,"Activitati religioase, umanitare si de voluntariat",13,2022-04-01,0.8660254037844387,-0.4999999999999998,2,2,0
2022,4,Alte cazuri,16,2022-04-01,0.8660254037844387,-0.4999999999999998,2,2,0
2022,4,Imigrare la munca,154,2022-04-01,0.8660254037844387,-0.4999999999999998,2,2,0
2022,4,Investitii straine,2,2022-04-01,0.8660254037844387,-0.4999999999999998,2,2,0
2022,4,La studii,13,2022-04-01,0.8660254037844387,-0.4999999999999998,2,2,0
2022,4,Reintregirea familiei,90,2022-04-01,0.8660254037844387,-0.4999999999999998,2,2,0
2022,4,Strain din stat membru UE,1,2022-04-01,0.8660254037844387,-0.4999999999999998,2,2,0
2022,5,"Activitati religioase, umanitare si de voluntariat",14,2022-05-01,0.49999999999999994,-0.8660254037844387,2,2,0
2022,5,Alte cazuri,12,2022-05-01,0.49999999999999994,-0.8660254037844387,2,2,0
2022,5,Imigrare la munca,144,2022-05-01,0.49999999999999994,-0.8660254037844387,2,2,0
2022,5,Investitii straine,7,2022-05-01,0.49999999999999994,-0.8660254037844387,2,2,0
2022,5,La studii,35,2022-05-01,0.49999999999999994,-0.8660254037844387,2,2,0
2022,5,Reintregirea familiei,124,2022-05-01,0.49999999999999994,-0.8660254037844387,2,2,0
2022,6,"Activitati religioase, umanitare si de voluntariat",9,2022-06-01,1.2246467991473532e-16,-1.0,2,3,0
2022,6,Alte cazuri,21,2022-06-01,1.2246467991473532e-16,-1.0,2,3,0
2022,6,Imigrare la munca,351,2022-06-01,1.2246467991473532e-16,-1.0,2,3,0
2022,6,Investitii straine,7,2022-06-01,1.2246467991473532e-16,-1.0,2,3,0
2022,6,La studii,123,2022-06-01,1.2246467991473532e-16,-1.0,2,3,0
2022,6,Reintregirea familiei,115,2022-06-01,1.2246467991473532e-16,-1.0,2,3,0
2022,6,Strain din stat membru UE,1,2022-06-01,1.2246467991473532e-16,-1.0,2,3,0
2022,7,"Activitati religioase, umanitare si de voluntariat",36,2022-07-01,-0.4999999999999997,-0.8660254037844388,3,3,0
2022,7,Alte cazuri,21,2022-07-01,-0.4999999999999997,-0.8660254037844388,3,3,0
2022,7,Imigrare la munca,260,2022-07-01,-0.4999999999999997,-0.8660254037844388,3,3,0
2022,7,Investitii straine,8,2022-07-01,-0.4999999999999997,-0.8660254037844388,3,3,0
2022,7,La studii,35,2022-07-01,-0.4999999999999997,-0.8660254037844388,3,3,0
2022,7,Reintregirea familiei,154,2022-07-01,-0.4999999999999997,-0.8660254037844388,3,3,0
2022,8,"Activitati religioase, umanitare si de voluntariat",22,2022-08-01,-0.8660254037844385,-0.5000000000000004,3,3,0
2022,8,Alte cazuri,11,2022-08-01,-0.8660254037844385,-0.5000000000000004,3,3,0
2022,8,Imigrare la munca,247,2022-08-01,-0.8660254037844385,-0.5000000000000004,3,3,0
2022,8,Investitii straine,3,2022-08-01,-0.8660254037844385,-0.5000000000000004,3,3,0
2022,8,La studii,10,2022-08-01,-0.8660254037844385,-0.5000000000000004,3,3,0
2022,8,Reintregirea familiei,179,2022-08-01,-0.8660254037844385,-0.5000000000000004,3,3,0
2022,9,"Activitati religioase, umanitare si de voluntariat",18,2022-09-01,-1.0,-1.8369701987210297e-16,3,4,0
2022,9,Alte cazuri,19,2022-09-01,-1.0,-1.8369701987210297e-16,3,4,0
2022,9,Imigrare la munca,283,2022-09-01,-1.0,-1.8369701987210297e-16,3,4,0
2022,9,Investitii straine,6,2022-09-01,-1.0,-1.8369701987210297e-16,3,4,0
2022,9,La studii,19,2022-09-01,-1.0,-1.8369701987210297e-16,3,4,0
2022,9,Reintregirea familiei,145,2022-09-01,-1.0,-1.8369701987210297e-16,3,4,0
2022,10,"Activitati religioase, umanitare si de voluntariat",61,2022-10-01,-0.8660254037844386,0.5000000000000001,4,4,0
2022,10,Alte cazuri,9,2022-10-01,-0.8660254037844386,0.5000000000000001,4,4,0
2022,10,Imigrare la munca,252,2022-10-01,-0.8660254037844386,0.5000000000000001,4,4,0
2022,10,Investitii straine,4,2022-10-01,-0.8660254037844386,0.5000000000000001,4,4,0
2022,10,La studii,65,2022-10-01,-0.8660254037844386,0.5000000000000001,4,4,0
2022,10,Reintregirea familiei,189,2022-10-01,-0.8660254037844386,0.5000000000000001,4,4,0
2022,10,Strain din stat membru UE,1,2022-10-01,-0.8660254037844386,0.5000000000000001,4,4,0
2022,11,"Activitati religioase, umanitare si de voluntariat",45,2022-11-01,-0.5000000000000004,0.8660254037844384,4,4,0
2022,11,Alte cazuri,16,2022-11-01,-0.5000000000000004,0.8660254037844384,4,4,0
2022,11,Imigrare la munca,281,2022-11-01,-0.5000000000000004,0.8660254037844384,4,4,0
2022,11,Investitii straine,8,2022-11-01,-0.5000000000000004,0.8660254037844384,4,4,0
2022,11,La studii,113,2022-11-01,-0.5000000000000004,0.8660254037844384,4,4,0
2022,11,Reintregirea familiei,193,2022-11-01,-0.5000000000000004,0.8660254037844384,4,4,0
2022,11,Strain din stat membru UE,1,2022-11-01,-0.5000000000000004,0.8660254037844384,4,4,0
2022,12,"Activitati religioase, umanitare si de voluntariat",102,2022-12-01,-2.4492935982947064e-16,1.0,4,1,1
2022,12,Alte cazuri,40,2022-12-01,-2.4492935982947064e-16,1.0,4,1,1
2022,12,Imigrare la munca,267,2022-12-01,-2.4492935982947064e-16,1.0,4,1,1
2022,12,Investitii straine,7,2022-12-01,-2.4492935982947064e-16,1.0,4,1,1
2022,12,La studii,152,2022-12-01,-2.4492935982947064e-16,1.0,4,1,1
2022,12,Reintregirea familiei,321,2022-12-01,-2.4492935982947064e-16,1.0,4,1,1
2022,12,Strain din stat membru UE,3,2022-12-01,-2.4492935982947064e-16,1.0,4,1,1
2022,12,Tratament de lunga durata,1,2022-12-01,-2.4492935982947064e-16,1.0,4,1,1
2023,1,"Activitati religioase, umanitare si de voluntariat",31,2023-01-01,0.49999999999999994,0.8660254037844387,1,1,1
2023,1,Alte cazuri,18,2023-01-01,0.49999999999999994,0.8660254037844387,1,1,1
2023,1,Imigrare la munca,236,2023-01-01,0.49999999999999994,0.8660254037844387,1,1,1
2023,1,Investitii straine,6,2023-01-01,0.49999999999999994,0.8660254037844387,1,1,1
2023,1,La studii,154,2023-01-01,0.49999999999999994,0.8660254037844387,1,1,1
2023,1,Reintregirea familiei,295,2023-01-01,0.49999999999999994,0.8660254037844387,1,1,1
2023,2,"Activitati religioase, umanitare si de voluntariat",27,2023-02-01,0.8660254037844386,0.5000000000000001,1,1,0
2023,2,Alte cazuri,9,2023-02-01,0.8660254037844386,0.5000000000000001,1,1,0
2023,2,Imigrare la munca,211,2023-02-01,0.8660254037844386,0.5000000000000001,1,1,0
2023,2,Investitii straine,2,2023-02-01,0.8660254037844386,0.5000000000000001,1,1,0
2023,2,La studii,210,2023-02-01,0.8660254037844386,0.5000000000000001,1,1,0
2023,2,Reintregirea familiei,211,2023-02-01,0.8660254037844386,0.5000000000000001,1,1,0
2023,3,"Activitati religioase, umanitare si de voluntariat",28,2023-03-01,1.0,6.123233995736766e-17,1,2,0
2023,3,Alte cazuri,9,2023-03-01,1.0,6.123233995736766e-17,1,2,0
2023,3,Imigrare la munca,307,2023-03-01,1.0,6.123233995736766e-17,1,2,0
2023,3,Investitii straine,10,2023-03-01,1.0,6.123233995736766e-17,1,2,0
2023,3,La studii,54,2023-03-01,1.0,6.123233995736766e-17,1,2,0
2023,3,Reintregirea familiei,237,2023-03-01,1.0,6.123233995736766e-17,1,2,0
2023,4,"Activitati religioase, umanitare si de voluntariat",20,2023-04-01,0.8660254037844387,-0.4999999999999998,2,2,0
2023,4,Alte cazuri,11,2023-04-01,0.8660254037844387,-0.4999999999999998,2,2,0
2023,4,Imigrare la munca,198,2023-04-01,0.8660254037844387,-0.4999999999999998,2,2,0
2023,4,Investitii straine,9,2023-04-01,0.8660254037844387,-0.4999999999999998,2,2,0
2023,4,La studii,45,2023-04-01,0.8660254037844387,-0.4999999999999998,2,2,0
2023,4,Reintregirea familiei,190,2023-04-01,0.8660254037844387,-0.4999999999999998,2,2,0
2023,5,"Activitati religioase, umanitare si de voluntariat",15,2023-05-01,0.49999999999999994,-0.8660254037844387,2,2,0
2023,5,Alte cazuri,14,2023-05-01,0.49999999999999994,-0.8660254037844387,2,2,0
2023,5,Imigrare la munca,245,2023-05-01,0.49999999999999994,-0.8660254037844387,2,2,0
2023,5,Investitii straine,4,2023-05-01,0.49999999999999994,-0.8660254037844387,2,2,0
2023,5,La studii,67,2023-05-01,0.49999999999999994,-0.8660254037844387,2,2,0
2023,5,Reintregirea familiei,178,2023-05-01,0.49999999999999994,-0.8660254037844387,2,2,0
2023,5,Strain din stat membru UE,1,2023-05-01,0.49999999999999994,-0.8660254037844387,2,2,0
2023,6,"Activitati religioase, umanitare si de voluntariat",39,2023-06-01,1.2246467991473532e-16,-1.0,2,3,0
2023,6,Alte cazuri,11,2023-06-01,1.2246467991473532e-16,-1.0,2,3,0
2023,6,Imigrare la munca,244,2023-06-01,1.2246467991473532e-16,-1.0,2,3,0
2023,6,Investitii straine,6,2023-06-01,1.2246467991473532e-16,-1.0,2,3,0
2023,6,La studii,73,2023-06-01,1.2246467991473532e-16,-1.0,2,3,0
2023,6,Reintregirea familiei,209,2023-06-01,1.2246467991473532e-16,-1.0,2,3,0
2023,6,Strain din stat membru UE,1,2023-06-01,1.2246467991473532e-16,-1.0,2,3,0
2023,7,"Activitati religioase, umanitare si de voluntariat",17,2023-07-01,-0.4999999999999997,-0.8660254037844388,3,3,0
2023,7,Alte cazuri,20,2023-07-01,-0.4999999999999997,-0.8660254037844388,3,3,0
2023,7,Imigrare la munca,171,2023-07-01,-0.4999999999999997,-0.8660254037844388,3,3,0
2023,7,Investitii straine,3,2023-07-01,-0.4999999999999997,-0.8660254037844388,3,3,0
2023,7,La studii,32,2023-07-01,-0.4999999999999997,-0.8660254037844388,3,3,0
2023,7,Reintregirea familiei,195,2023-07-01,-0.4999999999999997,-0.8660254037844388,3,3,0
2023,8,"Activitati religioase, umanitare si de voluntariat",23,2023-08-01,-0.8660254037844385,-0.5000000000000004,3,3,0
2023,8,Alte cazuri,14,2023-08-01,-0.8660254037844385,-0.5000000000000004,3,3,0
2023,8,Imigrare la munca,329,2023-08-01,-0.8660254037844385,-0.5000000000000004,3,3,0
2023,8,Investitii straine,8,2023-08-01,-0.8660254037844385,-0.5000000000000004,3,3,0
2023,8,La studii,20,2023-08-01,-0.8660254037844385,-0.5000000000000004,3,3,0
2023,8,Reintregirea familiei,315,2023-08-01,-0.8660254037844385,-0.5000000000000004,3,3,0
2023,8,Strain din stat membru UE,2,2023-08-01,-0.8660254037844385,-0.5000000000000004,3,3,0
2023,9,"Activitati religioase, umanitare si de voluntariat",12,2023-09-01,-1.0,-1.8369701987210297e-16,3,4,0
2023,9,Alte cazuri,16,2023-09-01,-1.0,-1.8369701987210297e-16,3,4,0
2023,9,Imigrare la munca,297,2023-09-01,-1.0,-1.8369701987210297e-16,3,4,0
2023,9,Investitii straine,3,2023-09-01,-1.0,-1.8369701987210297e-16,3,4,0
2023,9,La studii,20,2023-09-01,-1.0,-1.8369701987210297e-16,3,4,0
2023,9,Reintregirea familiei,246,2023-09-01,-1.0,-1.8369701987210297e-16,3,4,0
2023,10,"Activitati religioase, umanitare si de voluntariat",35,2023-10-01,-0.8660254037844386,0.5000000000000001,4,4,0
2023,10,Alte cazuri,18,2023-10-01,-0.8660254037844386,0.5000000000000001,4,4,0
2023,10,Imigrare la munca,336,2023-10-01,-0.8660254037844386,0.5000000000000001,4,4,0
2023,10,Investitii straine,3,2023-10-01,-0.8660254037844386,0.5000000000000001,4,4,0
2023,10,La studii,32,2023-10-01,-0.8660254037844386,0.5000000000000001,4,4,0
2023,10,Reintregirea familiei,245,2023-10-01,-0.8660254037844386,0.5000000000000001,4,4,0
2023,11,"Activitati religioase, umanitare si de voluntariat",25,2023-11-01,-0.5000000000000004,0.8660254037844384,4,4,0
2023,11,Alte cazuri,12,2023-11-01,-0.5000000000000004,0.8660254037844384,4,4,0
2023,11,Imigrare la munca,222,2023-11-01,-0.5000000000000004,0.8660254037844384,4,4,0
2023,11,Investitii straine,7,2023-11-01,-0.5000000000000004,0.8660254037844384,4,4,0
2023,11,La studii,79,2023-11-01,-0.5000000000000004,0.8660254037844384,4,4,0
2023,11,Reintregirea familiei,239,2023-11-01,-0.5000000000000004,0.8660254037844384,4,4,0
2023,11,Strain din stat membru UE,1,2023-11-01,-0.5000000000000004,0.8660254037844384,4,4,0
2023,11,Tratament de lunga durata,1,2023-11-01,-0.5000000000000004,0.8660254037844384,4,4,0
2023,12,"Activitati religioase, umanitare si de voluntariat",15,2023-12-01,-2.4492935982947064e-16,1.0,4,1,1
2023,12,Alte cazuri,14,2023-12-01,-2.4492935982947064e-16,1.0,4,1,1
2023,12,Imigrare la munca,215,2023-12-01,-2.4492935982947064e-16,1.0,4,1,1
2023,12,Investitii straine,9,2023-12-01,-2.4492935982947064e-16,1.0,4,1,1
2023,12,La studii,137,2023-12-01,-2.4492935982947064e-16,1.0,4,1,1
2023,12,Reintregirea familiei,224,2023-12-01,-2.4492935982947064e-16,1.0,4,1,1
2023,12,Strain din stat membru UE,1,2023-12-01,-2.4492935982947064e-16,1.0,4,1,1
2024,1,"Activitati religioase, umanitare si de voluntariat",19,2024-01-01,0.49999999999999994,0.8660254037844387,1,1,1
2024,1,Alte cazuri,18,2024-01-01,0.49999999999999994,0.8660254037844387,1,1,1
2024,1,Imigrare la munca,232,2024-01-01,0.49999999999999994,0.8660254037844387,1,1,1
2024,1,Investitii straine,8,2024-01-01,0.49999999999999994,0.8660254037844387,1,1,1
2024,1,La studii,223,2024-01-01,0.49999999999999994,0.8660254037844387,1,1,1
2024,1,Reintregirea familiei,226,2024-01-01,0.49999999999999994,0.8660254037844387,1,1,1
2024,1,Strain din stat membru UE,1,2024-01-01,0.49999999999999994,0.8660254037844387,1,1,1
2024,1,Tratament de lunga durata,1,2024-01-01,0.49999999999999994,0.8660254037844387,1,1,1
2024,2,"Activitati religioase, umanitare si de voluntariat",13,2024-02-01,0.8660254037844386,0.5000000000000001,1,1,0
2024,2,Alte cazuri,28,2024-02-01,0.8660254037844386,0.5000000000000001,1,1,0
2024,2,Imigrare la munca,201,2024-02-01,0.8660254037844386,0.5000000000000001,1,1,0
2024,2,Investitii straine,5,2024-02-01,0.8660254037844386,0.5000000000000001,1,1,0
2024,2,La studii,99,2024-02-01,0.8660254037844386,0.5000000000000001,1,1,0
2024,2,Reintregirea familiei,204,2024-02-01,0.8660254037844386,0.5000000000000001,1,1,0
2024,2,Strain din stat membru UE,1,2024-02-01,0.8660254037844386,0.5000000000000001,1,1,0
2024,3,"Activitati religioase, umanitare si de voluntariat",21,2024-03-01,1.0,6.123233995736766e-17,1,2,0
2024,3,Alte cazuri,13,2024-03-01,1.0,6.123233995736766e-17,1,2,0
2024,3,Imigrare la munca,295,2024-03-01,1.0,6.123233995736766e-17,1,2,0
2024,3,Investitii straine,10,2024-03-01,1.0,6.123233995736766e-17,1,2,0
2024,3,La studii,22,2024-03-01,1.0,6.123233995736766e-17,1,2,0
2024,3,Reintregirea familiei,180,2024-03-01,1.0,6.123233995736766e-17,1,2,0
2024,3,Strain din stat membru UE,1,2024-03-01,1.0,6.123233995736766e-17,1,2,0
2024,4,"Activitati religioase, umanitare si de voluntariat",17,2024-04-01,0.8660254037844387,-0.4999999999999998,2,2,0
2024,4,Alte cazuri,10,2024-04-01,0.8660254037844387,-0.4999999999999998,2,2,0
2024,4,Imigrare la munca,242,2024-04-01,0.8660254037844387,-0.4999999999999998,2,2,0
2024,4,Investitii straine,6,2024-04-01,0.8660254037844387,-0.4999999999999998,2,2,0
2024,4,La studii,12,2024-04-01,0.8660254037844387,-0.4999999999999998,2,2,0
2024,4,Reintregirea familiei,191,2024-04-01,0.8660254037844387,-0.4999999999999998,2,2,0
2024,4,Strain din stat membru UE,2,2024-04-01,0.8660254037844387,-0.4999999999999998,2,2,0
2024,5,"Activitati religioase, umanitare si de voluntariat",9,2024-05-01,0.49999999999999994,-0.8660254037844387,2,2,0
2024,5,Alte cazuri,13,2024-05-01,0.49999999999999994,-0.8660254037844387,2,2,0
2024,5,Domeniul tehnologiei informatiei,1,2024-05-01,0.49999999999999994,-0.8660254037844387,2,2,0
2024,5,Imigrare la munca,220,2024-05-01,0.49999999999999994,-0.8660254037844387,2,2,0
2024,5,Investitii straine,4,2024-05-01,0.49999999999999994,-0.8660254037844387,2,2,0
2024,5,La studii,26,2024-05-01,0.49999999999999994,-0.8660254037844387,2,2,0
2024,5,Reintregirea familiei,189,2024-05-01,0.49999999999999994,-0.8660254037844387,2,2,0
2024,5,Strain din stat membru UE,2,2024-05-01,0.49999999999999994,-0.8660254037844387,2,2,0
2024,6,"Activitati religioase, umanitare si de voluntariat",17,2024-06-01,1.2246467991473532e-16,-1.0,2,3,0
2024,6,Alte cazuri,37,2024-06-01,1.2246467991473532e-16,-1.0,2,3,0
2024,6,Imigrare la munca,193,2024-06-01,1.2246467991473532e-16,-1.0,2,3,0
2024,6,Investitii straine,7,2024-06-01,1.2246467991473532e-16,-1.0,2,3,0
2024,6,La studii,20,2024-06-01,1.2246467991473532e-16,-1.0,2,3,0
2024,6,Reintregirea familiei,148,2024-06-01,1.2246467991473532e-16,-1.0,2,3,0
2024,8,"Activitati religioase, umanitare si de voluntariat",34,2024-08-01,-0.8660254037844385,-0.5000000000000004,3,3,0
2024,8,Alte cazuri,50,2024-08-01,-0.8660254037844385,-0.5000000000000004,3,3,0
2024,8,Imigrare la munca,482,2024-08-01,-0.8660254037844385,-0.5000000000000004,3,3,0
2024,8,Investitii straine,14,2024-08-01,-0.8660254037844385,-0.5000000000000004,3,3,0
2024,8,La studii,15,2024-08-01,-0.8660254037844385,-0.5000000000000004,3,3,0
2024,8,Reintregirea familiei,399,2024-08-01,-0.8660254037844385,-0.5000000000000004,3,3,0
2024,8,Strain din stat membru UE,5,2024-08-01,-0.8660254037844385,-0.5000000000000004,3,3,0
2024,9,"Activitati religioase, umanitare si de voluntariat",13,2024-09-01,-1.0,-1.8369701987210297e-16,3,4,0
2024,9,Alte cazuri,16,2024-09-01,-1.0,-1.8369701987210297e-16,3,4,0
2024,9,Imigrare la munca,233,2024-09-01,-1.0,-1.8369701987210297e-16,3,4,0
2024,9,Investitii straine,4,2024-09-01,-1.0,-1.8369701987210297e-16,3,4,0
2024,9,La studii,7,2024-09-01,-1.0,-1.8369701987210297e-16,3,4,0
2024,9,Reintregirea familiei,179,2024-09-01,-1.0,-1.8369701987210297e-16,3,4,0
2024,10,"Activitati religioase, umanitare si de voluntariat",43,2024-10-01,-0.8660254037844386,0.5000000000000001,4,4,0
2024,10,Alte cazuri,22,2024-10-01,-0.8660254037844386,0.5000000000000001,4,4,0
2024,10,Imigrare la munca,312,2024-10-01,-0.8660254037844386,0.5000000000000001,4,4,0
2024,10,Investitii straine,7,2024-10-01,-0.8660254037844386,0.5000000000000001,4,4,0
2024,10,La studii,50,2024-10-01,-0.8660254037844386,0.5000000000000001,4,4,0
2024,10,Reintregirea familiei,182,2024-10-01,-0.8660254037844386,0.5000000000000001,4,4,0
2024,10,Strain din stat membru UE,1,2024-10-01,-0.8660254037844386,0.5000000000000001,4,4,0
2024,11,"Activitati religioase, umanitare si de voluntariat",32,2024-11-01,-0.5000000000000004,0.8660254037844384,4,4,0
2024,11,Alte cazuri,19,2024-11-01,-0.5000000000000004,0.8660254037844384,4,4,0
2024,11,Imigrare la munca,283,2024-11-01,-0.5000000000000004,0.8660254037844384,4,4,0
2024,11,Investitii straine,12,2024-11-01,-0.5000000000000004,0.8660254037844384,4,4,0
2024,11,La studii,90,2024-11-01,-0.5000000000000004,0.8660254037844384,4,4,0
2024,11,Reintregirea familiei,149,2024-11-01,-0.5000000000000004,0.8660254037844384,4,4,0
2024,11,Strain din stat membru UE,1,2024-11-01,-0.5000000000000004,0.8660254037844384,4,4,0
2024,12,"Activitati religioase, umanitare si de voluntariat",14,2024-12-01,-2.4492935982947064e-16,1.0,4,1,1
2024,12,Alte cazuri,18,2024-12-01,-2.4492935982947064e-16,1.0,4,1,1
2024,12,Imigrare la munca,303,2024-12-01,-2.4492935982947064e-16,1.0,4,1,1
2024,12,Investitii straine,12,2024-12-01,-2.4492935982947064e-16,1.0,4,1,1
2024,12,La studii,200,2024-12-01,-2.4492935982947064e-16,1.0,4,1,1
2024,12,Reintregirea familiei,158,2024-12-01,-2.4492935982947064e-16,1.0,4,1,1
2024,12,Strain din stat membru UE,2,2024-12-01,-2.4492935982947064e-16,1.0,4,1,1
2025,1,"Activitati religioase, umanitare si de voluntariat",13,2025-01-01,0.49999999999999994,0.8660254037844387,1,1,1
2025,1,Alte cazuri,10,2025-01-01,0.49999999999999994,0.8660254037844387,1,1,1
2025,1,Imigrare la munca,191,2025-01-01,0.49999999999999994,0.8660254037844387,1,1,1
2025,1,Investitii straine,6,2025-01-01,0.49999999999999994,0.8660254037844387,1,1,1
2025,1,La studii,59,2025-01-01,0.49999999999999994,0.8660254037844387,1,1,1
2025,1,Reintregirea familiei,138,2025-01-01,0.49999999999999994,0.8660254037844387,1,1,1
2025,1,Strain din stat membru UE,2,2025-01-01,0.49999999999999994,0.8660254037844387,1,1,1
2025,2,"Activitati religioase, umanitare si de voluntariat",17,2025-02-01,0.8660254037844386,0.5000000000000001,1,1,0
2025,2,Alte cazuri,8,2025-02-01,0.8660254037844386,0.5000000000000001,1,1,0
2025,2,Imigrare la munca,194,2025-02-01,0.8660254037844386,0.5000000000000001,1,1,0
2025,2,Investitii straine,3,2025-02-01,0.8660254037844386,0.5000000000000001,1,1,0
2025,2,La studii,22,2025-02-01,0.8660254037844386,0.5000000000000001,1,1,0
2025,2,Reintregirea familiei,136,2025-02-01,0.8660254037844386,0.5000000000000001,1,1,0
2025,2,Strain din stat membru UE,1,2025-02-01,0.8660254037844386,0.5000000000000001,1,1,0
2025,3,"Activitati religioase, umanitare si de voluntariat",20,2025-03-01,1.0,6.123233995736766e-17,1,2,0
2025,3,Alte cazuri,7,2025-03-01,1.0,6.123233995736766e-17,1,2,0
2025,3,Imigrare la munca,310,2025-03-01,1.0,6.123233995736766e-17,1,2,0
2025,3,Investitii straine,8,2025-03-01,1.0,6.123233995736766e-17,1,2,0
2025,3,La studii,8,2025-03-01,1.0,6.123233995736766e-17,1,2,0
2025,3,Reintregirea familiei,123,2025-03-01,1.0,6.123233995736766e-17,1,2,0
2025,4,"Activitati religioase, umanitare si de voluntariat",21,2025-04-01,0.8660254037844387,-0.4999999999999998,2,2,0
2025,4,Alte cazuri,16,2025-04-01,0.8660254037844387,-0.4999999999999998,2,2,0
2025,4,Imigrare la munca,288,2025-04-01,0.8660254037844387,-0.4999999999999998,2,2,0
2025,4,Investitii straine,4,2025-04-01,0.8660254037844387,-0.4999999999999998,2,2,0
2025,4,La studii,16,2025-04-01,0.8660254037844387,-0.4999999999999998,2,2,0
2025,4,Reintregirea familiei,140,2025-04-01,0.8660254037844387,-0.4999999999999998,2,2,0
2025,4,Strain din stat membru UE,3,2025-04-01,0.8660254037844387,-0.4999999999999998,2,2,0
2025,5,"Activitati religioase, umanitare si de voluntariat",13,2025-05-01,0.49999999999999994,-0.8660254037844387,2,2,0
2025,5,Alte cazuri,11,2025-05-01,0.49999999999999994,-0.8660254037844387,2,2,0
2025,5,Imigrare la munca,315,2025-05-01,0.49999999999999994,-0.8660254037844387,2,2,0
2025,5,Investitii straine,6,2025-05-01,0.49999999999999994,-0.8660254037844387,2,2,0
2025,5,La studii,20,2025-05-01,0.49999999999999994,-0.8660254037844387,2,2,0
2025,5,Reintregirea familiei,154,2025-05-01,0.49999999999999994,-0.8660254037844387,2,2,0
2025,6,"Activitati religioase, umanitare si de voluntariat",10,2025-06-01,1.2246467991473532e-16,-1.0,2,3,0
2025,6,Alte cazuri,19,2025-06-01,1.2246467991473532e-16,-1.0,2,3,0
2025,6,Imigrare la munca,248,2025-06-01,1.2246467991473532e-16,-1.0,2,3,0
2025,6,Investitii straine,8,2025-06-01,1.2246467991473532e-16,-1.0,2,3,0
2025,6,La studii,2,2025-06-01,1.2246467991473532e-16,-1.0,2,3,0
2025,6,Reintregirea familiei,157,2025-06-01,1.2246467991473532e-16,-1.0,2,3,0
2025,7,"Activitati religioase, umanitare si de voluntariat",17,2025-07-01,-0.4999999999999997,-0.8660254037844388,3,3,0
2025,7,Alte cazuri,17,2025-07-01,-0.4999999999999997,-0.8660254037844388,3,3,0
2025,7,Imigrare la munca,304,2025-07-01,-0.4999999999999997,-0.8660254037844388,3,3,0
2025,7,Investitii straine,9,2025-07-01,-0.4999999999999997,-0.8660254037844388,3,3,0
2025,7,La studii,2,2025-07-01,-0.4999999999999997,-0.8660254037844388,3,3,0
2025,7,Reintregirea familiei,171,2025-07-01,-0.4999999999999997,-0.8660254037844388,3,3,0
2025,8,"Activitati religioase, umanitare si de voluntariat",8,2025-08-01,-0.8660254037844385,-0.5000000000000004,3,3,0
2025,8,Alte cazuri,20,2025-08-01,-0.8660254037844385,-0.5000000000000004,3,3,0
2025,8,Imigrare la munca,341,2025-08-01,-0.8660254037844385,-0.5000000000000004,3,3,0
2025,8,Investitii straine,3,2025-08-01,-0.8660254037844385,-0.5000000000000004,3,3,0
2025,8,La studii,1,2025-08-01,-0.8660254037844385,-0.5000000000000004,3,3,0
2025,8,Reintregirea familiei,152,2025-08-01,-0.8660254037844385,-0.5000000000000004,3,3,0
2025,8,Strain din stat membru UE,1,2025-08-01,-0.8660254037844385,-0.5000000000000004,3,3,0
2025,9,"Activitati religioase, umanitare si de voluntariat",26,2025-09-01,-1.0,-1.8369701987210297e-16,3,4,0
2025,9,Alte cazuri,26,2025-09-01,-1.0,-1.8369701987210297e-16,3,4,0
2025,9,Imigrare la munca,436,2025-09-01,-1.0,-1.8369701987210297e-16,3,4,0
2025,9,Investitii straine,9,2025-09-01,-1.0,-1.8369701987210297e-16,3,4,0
2025,9,La studii,27,2025-09-01,-1.0,-1.8369701987210297e-16,3,4,0
2025,9,Reintregirea familiei,166,2025-09-01,-1.0,-1.8369701987210297e-16,3,4,0
2025,9,Strain din stat membru UE,1,2025-09-01,-1.0,-1.8369701987210297e-16,3,4,0
2025,10,"Activitati religioase, umanitare si de voluntariat",46,2025-10-01,-0.8660254037844386,0.5000000000000001,4,4,0
2025,10,Alte cazuri,30,2025-10-01,-0.8660254037844386,0.5000000000000001,4,4,0
2025,10,Imigrare la munca,422,2025-10-01,-0.8660254037844386,0.5000000000000001,4,4,0
2025,10,Investitii straine,5,2025-10-01,-0.8660254037844386,0.5000000000000001,4,4,0
2025,10,La studii,73,2025-10-01,-0.8660254037844386,0.5000000000000001,4,4,0
2025,10,Reintregirea familiei,215,2025-10-01,-0.8660254037844386,0.5000000000000001,4,4,0
